<?xml version="1.0" encoding="UTF-8"?><idempiere Name="de.evenos-consulting.asterisk" Version="1.0.3" idempiereVersion="" DataBaseVersion="" Description="-DisplayType for WPhoneNumberEditor&#10;-User Window&#10;-Messages&#10;-SysConfig Values" Author="" AuthorEmail="" CreatedDate="2015-02-26 14:41:45.058" UpdatedDate="2015-03-06 12:44:15.595" PackOutVersion="100" UpdateDictionary="false" Client="0-SYSTEM-System" AD_Client_UU="11237b53-9592-4af1-b3c5-afd216514b5d">
    <AD_Reference type="table">
        <AD_Reference_ID>200077</AD_Reference_ID>
        <AD_Client_ID>0</AD_Client_ID>
        <AD_Org_ID>0</AD_Org_ID>
        <AD_Reference_ID>200077</AD_Reference_ID>
        <Name>PhoneNumber</Name>
        <Description>Phone Number DataType for Asterisk integration</Description>
        <Help>This new DataType is used to replace the String editors of any phone number so you can initiate a call from within iDempiere via Asterisk.</Help>
        <ValidationType>D</ValidationType>
        <IsActive>true</IsActive>
        <VFormat/>
        <EntityType>U</EntityType>
        <IsOrderByValue>false</IsOrderByValue>
        <AD_Reference_UU>0fb66784-978e-4d08-9627-9f1fc32301cd</AD_Reference_UU>
        <AD_Reference_Trl type="translation">
            <Help>Este tipo de datos es usado para reemplazar editores de cadena con un número telefónico que permite iniciar una llamada desde iDempiere via Asterisk.</Help>
            <Name>Teléfono</Name>
            <Description>Tipo de datos Teléfono para integración con Asterisk</Description>
            <AD_Language>es_CO</AD_Language>
            <IsActive>true</IsActive>
            <IsTranslated>false</IsTranslated>
        </AD_Reference_Trl>
    </AD_Reference>
    <AD_Element type="table">
        <AD_Element_ID>53676</AD_Element_ID>
        <AD_Client_ID>0</AD_Client_ID>
        <AD_Org_ID>0</AD_Org_ID>
        <AD_Element_ID>53676</AD_Element_ID>
        <IsActive>true</IsActive>
        <ColumnName>IsInPayroll</ColumnName>
        <Name>Is In Payroll</Name>
        <Description>Defined if any User Contact will be used for Calculate Payroll</Description>
        <Help/>
        <PrintName>Is In Payroll</PrintName>
        <PO_Description/>
        <PO_Help/>
        <PO_Name/>
        <PO_PrintName/>
        <EntityType>EE02</EntityType>
        <AD_Element_UU>b1390e25-49f6-4ff3-b79d-05d7fef09d87</AD_Element_UU>
        <AD_Element_Trl type="translation">
            <Help/>
            <PO_Description/>
            <PO_Help/>
            <Name>Está en Nómina</Name>
            <Description>Define si un usuario será utilizado para calculo de nómina</Description>
            <PrintName>Está en Nómina</PrintName>
            <PO_Name/>
            <PO_PrintName/>
            <AD_Language>es_CO</AD_Language>
            <IsActive>true</IsActive>
            <IsTranslated>true</IsTranslated>
        </AD_Element_Trl>
    </AD_Element>
    <AD_Column type="table">
        <AD_Column_ID>56294</AD_Column_ID>
        <IsSyncDatabase>Y</IsSyncDatabase>
        <AD_Table_ID reference="id">114</AD_Table_ID>
        <AD_Reference_Value_ID reference="id"/>
        <AD_Client_ID>0</AD_Client_ID>
        <AD_Org_ID>0</AD_Org_ID>
        <AD_Column_ID>56294</AD_Column_ID>
        <Version>0</Version>
        <Name>Is In Payroll</Name>
        <Description>Defined if any User Contact will be used for Calculate Payroll</Description>
        <Help/>
        <AD_Val_Rule_ID reference="id"/>
        <ColumnName>IsInPayroll</ColumnName>
        <DefaultValue>N</DefaultValue>
        <FieldLength>1</FieldLength>
        <IsKey>false</IsKey>
        <IsParent>false</IsParent>
        <IsMandatory>true</IsMandatory>
        <IsTranslated>false</IsTranslated>
        <IsIdentifier>false</IsIdentifier>
        <SeqNo>0</SeqNo>
        <IsEncrypted>N</IsEncrypted>
        <AD_Reference_ID reference="id">20</AD_Reference_ID>
        <IsActive>true</IsActive>
        <VFormat/>
        <Callout/>
        <AD_Element_ID reference="id">53676</AD_Element_ID>
        <IsUpdateable>true</IsUpdateable>
        <AD_Process_ID reference="id"/>
        <ValueMin/>
        <ValueMax/>
        <IsSelectionColumn>false</IsSelectionColumn>
        <ReadOnlyLogic/>
        <EntityType>EE02</EntityType>
        <IsAlwaysUpdateable>false</IsAlwaysUpdateable>
        <ColumnSQL/>
        <MandatoryLogic/>
        <IsAutocomplete>false</IsAutocomplete>
        <IsAllowLogging>true</IsAllowLogging>
        <FormatPattern/>
        <AD_Chart_ID reference="id"/>
        <AD_Column_UU>779ec08e-e7f7-4303-9418-94f1d0a0305f</AD_Column_UU>
        <IsAllowCopy>true</IsAllowCopy>
        <SeqNoSelection/>
        <IsToolbarButton>N</IsToolbarButton>
        <IsSecure>false</IsSecure>
        <FKConstraintName/>
        <FKConstraintType/>
    </AD_Column>
    <AD_Element type="table">
        <AD_Client_ID>0</AD_Client_ID>
        <AD_Org_ID>0</AD_Org_ID>
        <IsActive>true</IsActive>
        <ColumnName>sipchannel</ColumnName>
        <Name>SIP Channel</Name>
        <Description/>
        <Help/>
        <PrintName>SIP Channel</PrintName>
        <PO_Description/>
        <PO_Help/>
        <PO_Name/>
        <PO_PrintName/>
        <EntityType>U</EntityType>
        <AD_Element_UU>41a1d826-65ea-4a3f-b6bd-374a166fd272</AD_Element_UU>
        <AD_Element_Trl type="translation">
            <Help/>
            <PO_Description/>
            <PO_Help/>
            <Name>sipchannel</Name>
            <Description/>
            <PrintName>sipchannel</PrintName>
            <PO_Name/>
            <PO_PrintName/>
            <AD_Language>es_CO</AD_Language>
            <IsActive>true</IsActive>
            <IsTranslated>false</IsTranslated>
        </AD_Element_Trl>
    </AD_Element>
    <AD_Column type="table">
        <IsSyncDatabase>Y</IsSyncDatabase>
        <AD_Table_ID reference="id">114</AD_Table_ID>
        <AD_Reference_Value_ID reference="id"/>
        <AD_Client_ID>0</AD_Client_ID>
        <AD_Org_ID>0</AD_Org_ID>
        <Version>0.0</Version>
        <Name>SIP Channel</Name>
        <Description/>
        <Help/>
        <AD_Val_Rule_ID reference="id"/>
        <ColumnName>sipchannel</ColumnName>
        <DefaultValue/>
        <FieldLength>255</FieldLength>
        <IsKey>false</IsKey>
        <IsParent>false</IsParent>
        <IsMandatory>false</IsMandatory>
        <IsTranslated>false</IsTranslated>
        <IsIdentifier>false</IsIdentifier>
        <SeqNo/>
        <IsEncrypted>N</IsEncrypted>
        <AD_Reference_ID reference="id">10</AD_Reference_ID>
        <IsActive>true</IsActive>
        <VFormat/>
        <Callout/>
        <AD_Element_ID reference="uuid" reference-key="AD_Element">41a1d826-65ea-4a3f-b6bd-374a166fd272</AD_Element_ID>
        <IsUpdateable>true</IsUpdateable>
        <AD_Process_ID reference="id"/>
        <ValueMin/>
        <ValueMax/>
        <IsSelectionColumn>false</IsSelectionColumn>
        <ReadOnlyLogic/>
        <EntityType>U</EntityType>
        <IsAlwaysUpdateable>false</IsAlwaysUpdateable>
        <ColumnSQL/>
        <MandatoryLogic/>
        <IsAutocomplete>false</IsAutocomplete>
        <IsAllowLogging>true</IsAllowLogging>
        <FormatPattern/>
        <AD_Chart_ID reference="id"/>
        <AD_Column_UU>9e248774-8aaf-44b3-8b1c-6eef43925019</AD_Column_UU>
        <IsAllowCopy>true</IsAllowCopy>
        <SeqNoSelection/>
        <IsToolbarButton>N</IsToolbarButton>
        <IsSecure>false</IsSecure>
        <FKConstraintName/>
        <FKConstraintType>N</FKConstraintType>
    </AD_Column>
    <AD_TableIndex type="table">
        <AD_TableIndex_ID>200246</AD_TableIndex_ID>
        <AD_Client_ID>0</AD_Client_ID>
        <AD_Org_ID>0</AD_Org_ID>
        <AD_TableIndex_ID>200246</AD_TableIndex_ID>
        <AD_TableIndex_UU>d811197d-4cc4-45aa-88b1-19fe8ccc5a4d</AD_TableIndex_UU>
        <Description/>
        <EntityType>D</EntityType>
        <IsActive>true</IsActive>
        <Name>ad_user_uu_idx</Name>
        <AD_Table_ID reference="id">114</AD_Table_ID>
        <Help/>
        <IsCreateConstraint>false</IsCreateConstraint>
        <IsUnique>true</IsUnique>
        <Processing>false</Processing>
        <AD_Message_ID reference="id"/>
        <TableIndexDrop/>
        <IsKey>false</IsKey>
        <AD_IndexColumn type="table">
            <AD_IndexColumn_ID>200277</AD_IndexColumn_ID>
            <AD_Client_ID>0</AD_Client_ID>
            <AD_Org_ID>0</AD_Org_ID>
            <AD_IndexColumn_ID>200277</AD_IndexColumn_ID>
            <AD_IndexColumn_UU>73c3b85c-e29e-4e57-98c2-9be1cb6008d1</AD_IndexColumn_UU>
            <EntityType>D</EntityType>
            <IsActive>true</IsActive>
            <AD_Column_ID reference="id">60528</AD_Column_ID>
            <AD_TableIndex_ID reference="id">200246</AD_TableIndex_ID>
            <ColumnSQL/>
            <SeqNo>1</SeqNo>
        </AD_IndexColumn>
    </AD_TableIndex>
    <AD_TableIndex type="table">
        <AD_TableIndex_ID>200247</AD_TableIndex_ID>
        <AD_Client_ID>0</AD_Client_ID>
        <AD_Org_ID>0</AD_Org_ID>
        <AD_TableIndex_ID>200247</AD_TableIndex_ID>
        <AD_TableIndex_UU>ce9cb525-181f-43c0-af75-afd37bdb329b</AD_TableIndex_UU>
        <Description/>
        <EntityType>D</EntityType>
        <IsActive>true</IsActive>
        <Name>ad_user_email</Name>
        <AD_Table_ID reference="id">114</AD_Table_ID>
        <Help/>
        <IsCreateConstraint>false</IsCreateConstraint>
        <IsUnique>false</IsUnique>
        <Processing>false</Processing>
        <AD_Message_ID reference="id"/>
        <TableIndexDrop/>
        <IsKey>false</IsKey>
        <AD_IndexColumn type="table">
            <AD_IndexColumn_ID>200278</AD_IndexColumn_ID>
            <AD_Client_ID>0</AD_Client_ID>
            <AD_Org_ID>0</AD_Org_ID>
            <AD_IndexColumn_ID>200278</AD_IndexColumn_ID>
            <AD_IndexColumn_UU>ed85b21a-ff96-49a9-80e2-113cbf532aeb</AD_IndexColumn_UU>
            <EntityType>D</EntityType>
            <IsActive>true</IsActive>
            <AD_Column_ID reference="id">5396</AD_Column_ID>
            <AD_TableIndex_ID reference="id">200247</AD_TableIndex_ID>
            <ColumnSQL/>
            <SeqNo>1</SeqNo>
        </AD_IndexColumn>
    </AD_TableIndex>
    <AD_Field type="table">
        <AD_Field_ID>200404</AD_Field_ID>
        <AD_Client_ID>0</AD_Client_ID>
        <AD_Org_ID>0</AD_Org_ID>
        <AD_Field_ID>200404</AD_Field_ID>
        <Name>Is In Payroll</Name>
        <Description>Defined if any User Contact will be used for Calculate Payroll</Description>
        <Help/>
        <AD_Tab_ID reference="id">118</AD_Tab_ID>
        <AD_Column_ID reference="id">56294</AD_Column_ID>
        <IsDisplayed>false</IsDisplayed>
        <DisplayLogic/>
        <DisplayLength>1</DisplayLength>
        <SeqNo>0</SeqNo>
        <SortNo/>
        <IsSameLine>false</IsSameLine>
        <IsHeading>false</IsHeading>
        <IsFieldOnly>false</IsFieldOnly>
        <IsEncrypted>false</IsEncrypted>
        <IsActive>true</IsActive>
        <IsReadOnly>false</IsReadOnly>
        <IsCentrallyMaintained>true</IsCentrallyMaintained>
        <AD_FieldGroup_ID reference="id"/>
        <EntityType>EE02</EntityType>
        <ObscureType/>
        <AD_Reference_ID reference="id"/>
        <IsMandatory/>
        <DefaultValue/>
        <AD_Reference_Value_ID reference="id"/>
        <AD_Val_Rule_ID reference="id"/>
        <Included_Tab_ID reference="id"/>
        <AD_Field_UU>88e0446c-706d-4770-b27b-2c10622d40ba</AD_Field_UU>
        <IsAllowCopy/>
        <IsDisplayedGrid>false</IsDisplayedGrid>
        <SeqNoGrid>0</SeqNoGrid>
        <XPosition>1</XPosition>
        <ColumnSpan>1</ColumnSpan>
        <NumLines>1</NumLines>
        <IsQuickEntry>false</IsQuickEntry>
        <IsUpdateable/>
        <IsAlwaysUpdateable/>
        <MandatoryLogic/>
        <ReadOnlyLogic/>
        <IsToolbarButton/>
        <IsDefaultFocus>false</IsDefaultFocus>
        <IsAdvancedField>false</IsAdvancedField>
        <AD_Field_Trl type="translation">
            <Help/>
            <Description>Define si un usuario será utilizado para calculo de nómina</Description>
            <Name>Está en Nómina</Name>
            <AD_Language>es_CO</AD_Language>
            <IsActive>true</IsActive>
            <IsTranslated>true</IsTranslated>
        </AD_Field_Trl>
    </AD_Field>
    <AD_Field type="table">
        <AD_Client_ID>0</AD_Client_ID>
        <AD_Org_ID>0</AD_Org_ID>
        <Name>SIP Channel</Name>
        <Description/>
        <Help/>
        <AD_Tab_ID reference="id">118</AD_Tab_ID>
        <AD_Column_ID reference="uuid" reference-key="AD_Column">9e248774-8aaf-44b3-8b1c-6eef43925019</AD_Column_ID>
        <IsDisplayed>true</IsDisplayed>
        <DisplayLogic/>
        <DisplayLength>255</DisplayLength>
        <SeqNo>130</SeqNo>
        <SortNo/>
        <IsSameLine>false</IsSameLine>
        <IsHeading>false</IsHeading>
        <IsFieldOnly>false</IsFieldOnly>
        <IsEncrypted>false</IsEncrypted>
        <IsActive>true</IsActive>
        <IsReadOnly>false</IsReadOnly>
        <IsCentrallyMaintained>true</IsCentrallyMaintained>
        <AD_FieldGroup_ID reference="id"/>
        <EntityType>U</EntityType>
        <ObscureType/>
        <AD_Reference_ID reference="id"/>
        <IsMandatory/>
        <DefaultValue/>
        <AD_Reference_Value_ID reference="id"/>
        <AD_Val_Rule_ID reference="id"/>
        <Included_Tab_ID reference="id"/>
        <AD_Field_UU>c20e8765-eb3a-4c72-96b8-87bcc27c406b</AD_Field_UU>
        <IsAllowCopy/>
        <IsDisplayedGrid>true</IsDisplayedGrid>
        <SeqNoGrid>440</SeqNoGrid>
        <XPosition>4</XPosition>
        <ColumnSpan>2</ColumnSpan>
        <NumLines>1</NumLines>
        <IsQuickEntry>false</IsQuickEntry>
        <IsUpdateable/>
        <IsAlwaysUpdateable/>
        <MandatoryLogic/>
        <ReadOnlyLogic/>
        <IsToolbarButton/>
        <IsDefaultFocus>false</IsDefaultFocus>
        <IsAdvancedField>false</IsAdvancedField>
        <AD_Field_Trl type="translation">
            <Help/>
            <Description/>
            <Name>sipchannel</Name>
            <AD_Language>es_CO</AD_Language>
            <IsActive>true</IsActive>
            <IsTranslated>false</IsTranslated>
        </AD_Field_Trl>
    </AD_Field>
    <AD_TableIndex type="table">
        <AD_TableIndex_ID>200475</AD_TableIndex_ID>
        <AD_Client_ID>0</AD_Client_ID>
        <AD_Org_ID>0</AD_Org_ID>
        <AD_TableIndex_ID>200475</AD_TableIndex_ID>
        <AD_TableIndex_UU>a511e2c7-4966-493f-a7b5-b54febe093cf</AD_TableIndex_UU>
        <Description/>
        <EntityType>D</EntityType>
        <IsActive>true</IsActive>
        <Name>c_orgassignment_uu_idx</Name>
        <AD_Table_ID reference="id">585</AD_Table_ID>
        <Help/>
        <IsCreateConstraint>false</IsCreateConstraint>
        <IsUnique>true</IsUnique>
        <Processing>false</Processing>
        <AD_Message_ID reference="id"/>
        <TableIndexDrop/>
        <IsKey>false</IsKey>
        <AD_IndexColumn type="table">
            <AD_IndexColumn_ID>200553</AD_IndexColumn_ID>
            <AD_Client_ID>0</AD_Client_ID>
            <AD_Org_ID>0</AD_Org_ID>
            <AD_IndexColumn_ID>200553</AD_IndexColumn_ID>
            <AD_IndexColumn_UU>513c80cd-2cd8-4b7e-84ad-13942e12f12f</AD_IndexColumn_UU>
            <EntityType>D</EntityType>
            <IsActive>true</IsActive>
            <AD_Column_ID reference="id">60720</AD_Column_ID>
            <AD_TableIndex_ID reference="id">200475</AD_TableIndex_ID>
            <ColumnSQL/>
            <SeqNo>1</SeqNo>
        </AD_IndexColumn>
    </AD_TableIndex>
    <AD_TableIndex type="table">
        <AD_TableIndex_ID>200107</AD_TableIndex_ID>
        <AD_Client_ID>0</AD_Client_ID>
        <AD_Org_ID>0</AD_Org_ID>
        <AD_TableIndex_ID>200107</AD_TableIndex_ID>
        <AD_TableIndex_UU>e6c67bd9-6acb-4acf-b7d6-c2a5293f56ca</AD_TableIndex_UU>
        <Description/>
        <EntityType>D</EntityType>
        <IsActive>true</IsActive>
        <Name>ad_ldapaccess_uu_idx</Name>
        <AD_Table_ID reference="id">904</AD_Table_ID>
        <Help/>
        <IsCreateConstraint>false</IsCreateConstraint>
        <IsUnique>true</IsUnique>
        <Processing>false</Processing>
        <AD_Message_ID reference="id"/>
        <TableIndexDrop/>
        <IsKey>false</IsKey>
        <AD_IndexColumn type="table">
            <AD_IndexColumn_ID>200115</AD_IndexColumn_ID>
            <AD_Client_ID>0</AD_Client_ID>
            <AD_Org_ID>0</AD_Org_ID>
            <AD_IndexColumn_ID>200115</AD_IndexColumn_ID>
            <AD_IndexColumn_UU>6ca77074-5e09-463e-832a-f12be6f52a97</AD_IndexColumn_UU>
            <EntityType>D</EntityType>
            <IsActive>true</IsActive>
            <AD_Column_ID reference="id">60429</AD_Column_ID>
            <AD_TableIndex_ID reference="id">200107</AD_TableIndex_ID>
            <ColumnSQL/>
            <SeqNo>1</SeqNo>
        </AD_IndexColumn>
    </AD_TableIndex>
    <AD_TableIndex type="table">
        <AD_TableIndex_ID>200248</AD_TableIndex_ID>
        <AD_Client_ID>0</AD_Client_ID>
        <AD_Org_ID>0</AD_Org_ID>
        <AD_TableIndex_ID>200248</AD_TableIndex_ID>
        <AD_TableIndex_UU>21d0e54c-e64b-4f5e-b595-b7244bc0fb0e</AD_TableIndex_UU>
        <Description/>
        <EntityType>D</EntityType>
        <IsActive>true</IsActive>
        <Name>ad_user_orgaccess_uu_idx</Name>
        <AD_Table_ID reference="id">769</AD_Table_ID>
        <Help/>
        <IsCreateConstraint>false</IsCreateConstraint>
        <IsUnique>true</IsUnique>
        <Processing>false</Processing>
        <AD_Message_ID reference="id"/>
        <TableIndexDrop/>
        <IsKey>false</IsKey>
        <AD_IndexColumn type="table">
            <AD_IndexColumn_ID>200279</AD_IndexColumn_ID>
            <AD_Client_ID>0</AD_Client_ID>
            <AD_Org_ID>0</AD_Org_ID>
            <AD_IndexColumn_ID>200279</AD_IndexColumn_ID>
            <AD_IndexColumn_UU>05f0305a-0bd8-45c7-8c98-f54686bf0430</AD_IndexColumn_UU>
            <EntityType>D</EntityType>
            <IsActive>true</IsActive>
            <AD_Column_ID reference="id">60534</AD_Column_ID>
            <AD_TableIndex_ID reference="id">200248</AD_TableIndex_ID>
            <ColumnSQL/>
            <SeqNo>1</SeqNo>
        </AD_IndexColumn>
    </AD_TableIndex>
    <AD_TableIndex type="table">
        <AD_TableIndex_ID>200249</AD_TableIndex_ID>
        <AD_Client_ID>0</AD_Client_ID>
        <AD_Org_ID>0</AD_Org_ID>
        <AD_TableIndex_ID>200249</AD_TableIndex_ID>
        <AD_TableIndex_UU>c2a35b12-b8cd-4d7c-ae85-c8fed1392e35</AD_TableIndex_UU>
        <Description/>
        <EntityType>D</EntityType>
        <IsActive>true</IsActive>
        <Name>ad_user_roles_uu_idx</Name>
        <AD_Table_ID reference="id">157</AD_Table_ID>
        <Help/>
        <IsCreateConstraint>false</IsCreateConstraint>
        <IsUnique>true</IsUnique>
        <Processing>false</Processing>
        <AD_Message_ID reference="id"/>
        <TableIndexDrop/>
        <IsKey>false</IsKey>
        <AD_IndexColumn type="table">
            <AD_IndexColumn_ID>200280</AD_IndexColumn_ID>
            <AD_Client_ID>0</AD_Client_ID>
            <AD_Org_ID>0</AD_Org_ID>
            <AD_IndexColumn_ID>200280</AD_IndexColumn_ID>
            <AD_IndexColumn_UU>3f4d2b8f-0b1f-4cf0-9ebf-0b34c7ddf330</AD_IndexColumn_UU>
            <EntityType>D</EntityType>
            <IsActive>true</IsActive>
            <AD_Column_ID reference="id">60536</AD_Column_ID>
            <AD_TableIndex_ID reference="id">200249</AD_TableIndex_ID>
            <ColumnSQL/>
            <SeqNo>1</SeqNo>
        </AD_IndexColumn>
    </AD_TableIndex>
    <AD_TableIndex type="table">
        <AD_TableIndex_ID>200256</AD_TableIndex_ID>
        <AD_Client_ID>0</AD_Client_ID>
        <AD_Org_ID>0</AD_Org_ID>
        <AD_TableIndex_ID>200256</AD_TableIndex_ID>
        <AD_TableIndex_UU>213e5ff7-13d9-42e0-be03-a17f6c672ddf</AD_TableIndex_UU>
        <Description/>
        <EntityType>D</EntityType>
        <IsActive>true</IsActive>
        <Name>ad_userquery_uu_idx</Name>
        <AD_Table_ID reference="id">814</AD_Table_ID>
        <Help/>
        <IsCreateConstraint>false</IsCreateConstraint>
        <IsUnique>true</IsUnique>
        <Processing>false</Processing>
        <AD_Message_ID reference="id"/>
        <TableIndexDrop/>
        <IsKey>false</IsKey>
        <AD_IndexColumn type="table">
            <AD_IndexColumn_ID>200287</AD_IndexColumn_ID>
            <AD_Client_ID>0</AD_Client_ID>
            <AD_Org_ID>0</AD_Org_ID>
            <AD_IndexColumn_ID>200287</AD_IndexColumn_ID>
            <AD_IndexColumn_UU>fbba3899-4f7f-4578-aae0-becefd7e171b</AD_IndexColumn_UU>
            <EntityType>D</EntityType>
            <IsActive>true</IsActive>
            <AD_Column_ID reference="id">60535</AD_Column_ID>
            <AD_TableIndex_ID reference="id">200256</AD_TableIndex_ID>
            <ColumnSQL/>
            <SeqNo>1</SeqNo>
        </AD_IndexColumn>
    </AD_TableIndex>
    <AD_TableIndex type="table">
        <AD_TableIndex_ID>200255</AD_TableIndex_ID>
        <AD_Client_ID>0</AD_Client_ID>
        <AD_Org_ID>0</AD_Org_ID>
        <AD_TableIndex_ID>200255</AD_TableIndex_ID>
        <AD_TableIndex_UU>5a860b04-4468-4b2f-8dde-7522c0771b88</AD_TableIndex_UU>
        <Description/>
        <EntityType>D</EntityType>
        <IsActive>true</IsActive>
        <Name>ad_usermail_uu_idx</Name>
        <AD_Table_ID reference="id">782</AD_Table_ID>
        <Help/>
        <IsCreateConstraint>false</IsCreateConstraint>
        <IsUnique>true</IsUnique>
        <Processing>false</Processing>
        <AD_Message_ID reference="id"/>
        <TableIndexDrop/>
        <IsKey>false</IsKey>
        <AD_IndexColumn type="table">
            <AD_IndexColumn_ID>200286</AD_IndexColumn_ID>
            <AD_Client_ID>0</AD_Client_ID>
            <AD_Org_ID>0</AD_Org_ID>
            <AD_IndexColumn_ID>200286</AD_IndexColumn_ID>
            <AD_IndexColumn_UU>3be2544a-d27c-496e-a10c-2438e408b260</AD_IndexColumn_UU>
            <EntityType>D</EntityType>
            <IsActive>true</IsActive>
            <AD_Column_ID reference="id">60533</AD_Column_ID>
            <AD_TableIndex_ID reference="id">200255</AD_TableIndex_ID>
            <ColumnSQL/>
            <SeqNo>1</SeqNo>
        </AD_IndexColumn>
    </AD_TableIndex>
    <AD_TableIndex type="table">
        <AD_TableIndex_ID>200250</AD_TableIndex_ID>
        <AD_Client_ID>0</AD_Client_ID>
        <AD_Org_ID>0</AD_Org_ID>
        <AD_TableIndex_ID>200250</AD_TableIndex_ID>
        <AD_TableIndex_UU>f142abc5-3e59-448a-b935-df8dd9c58a4d</AD_TableIndex_UU>
        <Description/>
        <EntityType>D</EntityType>
        <IsActive>true</IsActive>
        <Name>ad_user_substitute_uu_idx</Name>
        <AD_Table_ID reference="id">642</AD_Table_ID>
        <Help/>
        <IsCreateConstraint>false</IsCreateConstraint>
        <IsUnique>true</IsUnique>
        <Processing>false</Processing>
        <AD_Message_ID reference="id"/>
        <TableIndexDrop/>
        <IsKey>false</IsKey>
        <AD_IndexColumn type="table">
            <AD_IndexColumn_ID>200281</AD_IndexColumn_ID>
            <AD_Client_ID>0</AD_Client_ID>
            <AD_Org_ID>0</AD_Org_ID>
            <AD_IndexColumn_ID>200281</AD_IndexColumn_ID>
            <AD_IndexColumn_UU>00d8d907-dd08-4f96-9723-ceae54131821</AD_IndexColumn_UU>
            <EntityType>D</EntityType>
            <IsActive>true</IsActive>
            <AD_Column_ID reference="id">60537</AD_Column_ID>
            <AD_TableIndex_ID reference="id">200250</AD_TableIndex_ID>
            <ColumnSQL/>
            <SeqNo>1</SeqNo>
        </AD_IndexColumn>
    </AD_TableIndex>
    <AD_SysConfig type="table">
        <AD_Client_ID>0</AD_Client_ID>
        <AD_Org_ID>0</AD_Org_ID>
        <IsActive>true</IsActive>
        <Name>de.evenos-consulting.asterisk.meetme.exten</Name>
        <Value>97</Value>
        <Description>Extension for dynamic Meet Me Rooms. E. g. your asterisk extensions.conf could look like "exten = _97XXX,1,MeetMe..." then 97 is the value to enter here</Description>
        <EntityType>U</EntityType>
        <ConfigurationLevel>S</ConfigurationLevel>
        <AD_SysConfig_UU>c431b273-6860-4380-96be-4e27ac43c50d</AD_SysConfig_UU>
    </AD_SysConfig>
    <AD_SysConfig type="table">
        <AD_Client_ID>0</AD_Client_ID>
        <AD_Org_ID>0</AD_Org_ID>
        <IsActive>true</IsActive>
        <Name>de.evenos-consulting.asterisk.meetme.max</Name>
        <Value>9999</Value>
        <Description>Maximum dynamic Meet Me room number. E. g. if your Meet Me extension looks like _97XXX then max would be 999</Description>
        <EntityType>U</EntityType>
        <ConfigurationLevel>S</ConfigurationLevel>
        <AD_SysConfig_UU>c608a71c-e67f-44a7-8d72-b27f71085aa2</AD_SysConfig_UU>
    </AD_SysConfig>
    <AD_SysConfig type="table">
        <AD_Client_ID>0</AD_Client_ID>
        <AD_Org_ID>0</AD_Org_ID>
        <IsActive>true</IsActive>
        <Name>de.evenos-consulting.asterisk.meetme.min</Name>
        <Value>1000</Value>
        <Description>Minimum dynamic Meet Me room number. E. g. if your Meet Me extension looks like _97XXX then min would be 000 whereas with _97ZXX it would be 100</Description>
        <EntityType>U</EntityType>
        <ConfigurationLevel>S</ConfigurationLevel>
        <AD_SysConfig_UU>f91a2cd5-5e13-40cb-893f-b62bd4de95e4</AD_SysConfig_UU>
    </AD_SysConfig>
    <AD_SysConfig type="table">
        <AD_Client_ID>0</AD_Client_ID>
        <AD_Org_ID>0</AD_Org_ID>
        <IsActive>true</IsActive>
        <Name>de.evenos-consulting.asterisk.sipcontext</Name>
        <Value>intern</Value>
        <Description>The SIP-Context used for calling. Asterisk will only use extensions from this context for calls. You can get it from extensions.conf</Description>
        <EntityType>U</EntityType>
        <ConfigurationLevel>O</ConfigurationLevel>
        <AD_SysConfig_UU>f2f5eded-4434-4788-a434-09fd10f74767</AD_SysConfig_UU>
    </AD_SysConfig>
    <AD_SysConfig type="table">
        <AD_Client_ID>0</AD_Client_ID>
        <AD_Org_ID>0</AD_Org_ID>
        <IsActive>true</IsActive>
        <Name>de.evenos-consulting.asterisk.siphost</Name>
        <Value>asterisk</Value>
        <Description>Asterisk Server Name or IP</Description>
        <EntityType>U</EntityType>
        <ConfigurationLevel>O</ConfigurationLevel>
        <AD_SysConfig_UU>a3cffd12-293f-40d3-903a-a0c6cad113b9</AD_SysConfig_UU>
    </AD_SysConfig>
    <AD_SysConfig type="table">
        <AD_Client_ID>0</AD_Client_ID>
        <AD_Org_ID>0</AD_Org_ID>
        <IsActive>true</IsActive>
        <Name>de.evenos-consulting.asterisk.sippassword</Name>
        <Value>evenos</Value>
        <Description>Passoword for the management user. Used to connect to the asterisk server</Description>
        <EntityType>U</EntityType>
        <ConfigurationLevel>O</ConfigurationLevel>
        <AD_SysConfig_UU>918e0402-6edc-40a5-af93-c9187ade3346</AD_SysConfig_UU>
    </AD_SysConfig>
    <AD_SysConfig type="table">
        <AD_Client_ID>0</AD_Client_ID>
        <AD_Org_ID>0</AD_Org_ID>
        <IsActive>true</IsActive>
        <Name>de.evenos-consulting.asterisk.sipport</Name>
        <Value>0</Value>
        <Description>SIP Port of the Asterisk Server. By default 0 should work except if you configured another port by yourself in asterisk</Description>
        <EntityType>U</EntityType>
        <ConfigurationLevel>O</ConfigurationLevel>
        <AD_SysConfig_UU>07fdafe8-43da-48c6-b14c-9d809daedeea</AD_SysConfig_UU>
    </AD_SysConfig>
    <AD_SysConfig type="table">
        <AD_Client_ID>0</AD_Client_ID>
        <AD_Org_ID>0</AD_Org_ID>
        <IsActive>true</IsActive>
        <Name>de.evenos-consulting.asterisk.sipuser</Name>
        <Value>evenos</Value>
        <Description>The management user used to connect to the asterisk server</Description>
        <EntityType>U</EntityType>
        <ConfigurationLevel>O</ConfigurationLevel>
        <AD_SysConfig_UU>2afea295-ba73-4881-8725-e1c10cc13367</AD_SysConfig_UU>
    </AD_SysConfig>
    <AD_SysConfig type="table">
        <AD_Client_ID>0</AD_Client_ID>
        <AD_Org_ID>0</AD_Org_ID>
        <IsActive>true</IsActive>
        <Name>de.evenos-consulting.asterisk.phoneprefix</Name>
        <Value>0</Value>
        <Description>If you have to dial a prefix for external calls, put it in here. E. g. if you have to call 00170123456 to call the number 0170123456 then "0" is what you would enter here</Description>
        <EntityType>U</EntityType>
        <ConfigurationLevel>O</ConfigurationLevel>
        <AD_SysConfig_UU>11715a76-dfdf-415c-a68a-4d07163191f2</AD_SysConfig_UU>
    </AD_SysConfig>
    <AD_Message type="table">
        <AD_Client_ID>0</AD_Client_ID>
        <AD_Org_ID>0</AD_Org_ID>
        <MsgType>I</MsgType>
        <MsgText>Hungup</MsgText>
        <MsgTip/>
        <IsActive>true</IsActive>
        <Value>de.evenos-consulting.asterisk.channelstate.HUNGUP</Value>
        <EntityType>U</EntityType>
        <AD_Message_UU>ba318ee9-4cce-44ec-9764-fc892e8de1bf</AD_Message_UU>
        <AD_Message_Trl type="translation">
            <MsgText>Colgar</MsgText>
            <MsgTip/>
            <AD_Language>es_CO</AD_Language>
            <IsActive>true</IsActive>
            <IsTranslated>false</IsTranslated>
        </AD_Message_Trl>
    </AD_Message>
    <AD_Message type="table">
        <AD_Client_ID>0</AD_Client_ID>
        <AD_Org_ID>0</AD_Org_ID>
        <MsgType>I</MsgType>
        <MsgText>Ringing</MsgText>
        <MsgTip/>
        <IsActive>true</IsActive>
        <Value>de.evenos-consulting.asterisk.channelstate.RINGING</Value>
        <EntityType>U</EntityType>
        <AD_Message_UU>023edbde-8a36-4441-9a80-45c7b0901989</AD_Message_UU>
        <AD_Message_Trl type="translation">
            <MsgText>Timbrando</MsgText>
            <MsgTip/>
            <AD_Language>es_CO</AD_Language>
            <IsActive>true</IsActive>
            <IsTranslated>false</IsTranslated>
        </AD_Message_Trl>
    </AD_Message>
    <AD_Message type="table">
        <AD_Client_ID>0</AD_Client_ID>
        <AD_Org_ID>0</AD_Org_ID>
        <MsgType>I</MsgType>
        <MsgText>Up</MsgText>
        <MsgTip/>
        <IsActive>true</IsActive>
        <Value>de.evenos-consulting.asterisk.channelstate.UP</Value>
        <EntityType>U</EntityType>
        <AD_Message_UU>416b7f85-e7f5-4780-acfc-8401c924f316</AD_Message_UU>
        <AD_Message_Trl type="translation">
            <MsgText>Arriba</MsgText>
            <MsgTip/>
            <AD_Language>es_CO</AD_Language>
            <IsActive>true</IsActive>
            <IsTranslated>false</IsTranslated>
        </AD_Message_Trl>
    </AD_Message>
    <AD_Message type="table">
        <AD_Client_ID>0</AD_Client_ID>
        <AD_Org_ID>0</AD_Org_ID>
        <MsgType>I</MsgType>
        <MsgText>Dialing</MsgText>
        <MsgTip/>
        <IsActive>true</IsActive>
        <Value>de.evenos-consulting.asterisk.channelstate.DIALING</Value>
        <EntityType>U</EntityType>
        <AD_Message_UU>23635704-6998-4812-9660-d5b41b8e4098</AD_Message_UU>
        <AD_Message_Trl type="translation">
            <MsgText>Marcando</MsgText>
            <MsgTip/>
            <AD_Language>es_CO</AD_Language>
            <IsActive>true</IsActive>
            <IsTranslated>false</IsTranslated>
        </AD_Message_Trl>
    </AD_Message>
    <AD_Message type="table">
        <AD_Client_ID>0</AD_Client_ID>
        <AD_Org_ID>0</AD_Org_ID>
        <MsgType>I</MsgType>
        <MsgText>Talking to: </MsgText>
        <MsgTip/>
        <IsActive>true</IsActive>
        <Value>de.evenos-consulting.asterisk.title</Value>
        <EntityType>U</EntityType>
        <AD_Message_UU>ce46d83e-0f08-4521-96e0-2e79fd8d672d</AD_Message_UU>
        <AD_Message_Trl type="translation">
            <MsgText>Hablando a:</MsgText>
            <MsgTip/>
            <AD_Language>es_CO</AD_Language>
            <IsActive>true</IsActive>
            <IsTranslated>false</IsTranslated>
        </AD_Message_Trl>
    </AD_Message>
    <AD_Message type="table">
        <AD_Client_ID>0</AD_Client_ID>
        <AD_Org_ID>0</AD_Org_ID>
        <MsgType>I</MsgType>
        <MsgText>Status: </MsgText>
        <MsgTip/>
        <IsActive>true</IsActive>
        <Value>de.evenos-consulting.asterisk.status</Value>
        <EntityType>U</EntityType>
        <AD_Message_UU>2ef5d3c6-e7e5-4f11-b08d-5cf2835c5b9f</AD_Message_UU>
        <AD_Message_Trl type="translation">
            <MsgText>Estado:</MsgText>
            <MsgTip/>
            <AD_Language>es_CO</AD_Language>
            <IsActive>true</IsActive>
            <IsTranslated>false</IsTranslated>
        </AD_Message_Trl>
    </AD_Message>
    <AD_Message type="table">
        <AD_Client_ID>0</AD_Client_ID>
        <AD_Org_ID>0</AD_Org_ID>
        <MsgType>I</MsgType>
        <MsgText>Duration: </MsgText>
        <MsgTip/>
        <IsActive>true</IsActive>
        <Value>de.evenos-consulting.asterisk.time</Value>
        <EntityType>U</EntityType>
        <AD_Message_UU>8f167f32-f48d-40b3-a6d9-0a72ab2ea72a</AD_Message_UU>
        <AD_Message_Trl type="translation">
            <MsgText>Duración:</MsgText>
            <MsgTip/>
            <AD_Language>es_CO</AD_Language>
            <IsActive>true</IsActive>
            <IsTranslated>false</IsTranslated>
        </AD_Message_Trl>
    </AD_Message>
    <AD_Message type="table">
        <AD_Client_ID>0</AD_Client_ID>
        <AD_Org_ID>0</AD_Org_ID>
        <MsgType>I</MsgType>
        <MsgText>Connection to asterisk server is not available. Please check your configuration or contact an administrator.</MsgText>
        <MsgTip/>
        <IsActive>true</IsActive>
        <Value>de.evenos-consulting.asterisk.notconnected</Value>
        <EntityType>U</EntityType>
        <AD_Message_UU>02f613d9-d529-4cc9-a04a-a168b94b8335</AD_Message_UU>
        <AD_Message_Trl type="translation">
            <MsgText>La conexión con el servidor asterisk no está disponible.  Chequee su configuración o contacte un administrador.</MsgText>
            <MsgTip/>
            <AD_Language>es_CO</AD_Language>
            <IsActive>true</IsActive>
            <IsTranslated>false</IsTranslated>
        </AD_Message_Trl>
    </AD_Message>
    <AD_Message type="table">
        <AD_Client_ID>0</AD_Client_ID>
        <AD_Org_ID>0</AD_Org_ID>
        <MsgType>I</MsgType>
        <MsgText>Down</MsgText>
        <MsgTip/>
        <IsActive>true</IsActive>
        <Value>de.evenos-consulting.asterisk.channelstate.DOWN</Value>
        <EntityType>U</EntityType>
        <AD_Message_UU>9db37faf-cd1e-4b4f-b76a-377e58b32081</AD_Message_UU>
        <AD_Message_Trl type="translation">
            <MsgText>Down</MsgText>
            <MsgTip/>
            <AD_Language>es_CO</AD_Language>
            <IsActive>true</IsActive>
            <IsTranslated>false</IsTranslated>
        </AD_Message_Trl>
    </AD_Message>
    <AD_Message type="table">
        <AD_Client_ID>0</AD_Client_ID>
        <AD_Org_ID>0</AD_Org_ID>
        <MsgType>I</MsgType>
        <MsgText>Enter Number manually</MsgText>
        <MsgTip/>
        <IsActive>true</IsActive>
        <Value>de.evenos-consulting.asterisk.manualnumber</Value>
        <EntityType>U</EntityType>
        <AD_Message_UU>2b81b814-5857-4b07-ba37-2f6b7a7eb56b</AD_Message_UU>
        <AD_Message_Trl type="translation">
            <MsgText>Enter Number manually</MsgText>
            <MsgTip/>
            <AD_Language>es_CO</AD_Language>
            <IsActive>true</IsActive>
            <IsTranslated>false</IsTranslated>
        </AD_Message_Trl>
    </AD_Message>
    <AD_Message type="table">
        <AD_Client_ID>0</AD_Client_ID>
        <AD_Org_ID>0</AD_Org_ID>
        <MsgType>I</MsgType>
        <MsgText>You must enter a number to transfer this call!</MsgText>
        <MsgTip/>
        <IsActive>true</IsActive>
        <Value>de.evenos-consulting.asterisk.nonumberfortransfer</Value>
        <EntityType>U</EntityType>
        <AD_Message_UU>a896e291-133b-4ad1-927f-266aaf6ea7be</AD_Message_UU>
        <AD_Message_Trl type="translation">
            <MsgText>You must enter a number to transfer this call!</MsgText>
            <MsgTip/>
            <AD_Language>es_CO</AD_Language>
            <IsActive>true</IsActive>
            <IsTranslated>false</IsTranslated>
        </AD_Message_Trl>
    </AD_Message>
    <AD_Message type="table">
        <AD_Client_ID>0</AD_Client_ID>
        <AD_Org_ID>0</AD_Org_ID>
        <MsgType>I</MsgType>
        <MsgText>Only transfer partner</MsgText>
        <MsgTip/>
        <IsActive>true</IsActive>
        <Value>de.evenos-consulting.asterisk.onlytransferpartner</Value>
        <EntityType>U</EntityType>
        <AD_Message_UU>1daf74c2-7c59-4782-9368-48e2f49ec941</AD_Message_UU>
        <AD_Message_Trl type="translation">
            <MsgText>Only transfer partner</MsgText>
            <MsgTip/>
            <AD_Language>es_CO</AD_Language>
            <IsActive>true</IsActive>
            <IsTranslated>false</IsTranslated>
        </AD_Message_Trl>
    </AD_Message>
    <AD_Message type="table">
        <AD_Client_ID>0</AD_Client_ID>
        <AD_Org_ID>0</AD_Org_ID>
        <MsgType>I</MsgType>
        <MsgText>Dynamic Room</MsgText>
        <MsgTip/>
        <IsActive>true</IsActive>
        <Value>de.evenos-consulting.asterisk.dynamicmeetme</Value>
        <EntityType>U</EntityType>
        <AD_Message_UU>b27625c6-b93c-4d41-82ab-2067dfbd2e88</AD_Message_UU>
        <AD_Message_Trl type="translation">
            <MsgText>Dynamic Room</MsgText>
            <MsgTip/>
            <AD_Language>es_CO</AD_Language>
            <IsActive>true</IsActive>
            <IsTranslated>false</IsTranslated>
        </AD_Message_Trl>
    </AD_Message>
</idempiere>
