<?xml version="1.0" encoding="UTF-8"?><idempiere Name="de.evenos-consulting.asterisk" Version="1.0" idempiereVersion="" DataBaseVersion="" Description="-DisplayType for WPhoneNumberEditor&#10;-User Window&#10;-Messages&#10;-SysConfig Values" Author="" AuthorEmail="" CreatedDate="2015-02-26 14:41:45.058" UpdatedDate="2015-02-26 14:43:07.875" PackOutVersion="100" UpdateDictionary="false" Client="0-SYSTEM-System" AD_Client_UU="11237b53-9592-4af1-b3c5-afd216514b5d">
    <AD_Reference type="table">
        <AD_Reference_ID>200077</AD_Reference_ID>
        <AD_Client_ID>0</AD_Client_ID>
        <AD_Org_ID>0</AD_Org_ID>
        <AD_Reference_ID>200077</AD_Reference_ID>
        <Name>PhoneNumber</Name>
        <Description>Phone Number DataType for Asterisk integration</Description>
        <Help>This new DataType is used to replace the String editors of any phone number so you can initiate a call from within iDempiere via Asterisk.</Help>
        <ValidationType>D</ValidationType>
        <IsActive>true</IsActive>
        <VFormat/>
        <EntityType>U</EntityType>
        <IsOrderByValue>false</IsOrderByValue>
        <AD_Reference_UU>0fb66784-978e-4d08-9627-9f1fc32301cd</AD_Reference_UU>
        <AD_Reference_Trl type="translation">
            <Help>Este tipo de datos es usado para reemplazar editores de cadena con un número telefónico que permite iniciar una llamada desde iDempiere via Asterisk.</Help>
            <Name>Teléfono</Name>
            <Description>Tipo de datos Teléfono para integración con Asterisk</Description>
            <AD_Language>es_CO</AD_Language>
            <IsActive>true</IsActive>
            <IsTranslated>false</IsTranslated>
        </AD_Reference_Trl>
    </AD_Reference>
    <AD_Element type="table">
        <AD_Client_ID>0</AD_Client_ID>
        <AD_Org_ID>0</AD_Org_ID>
        <IsActive>true</IsActive>
        <ColumnName>sipchannel</ColumnName>
        <Name>SIP Channel</Name>
        <Description/>
        <Help/>
        <PrintName>SIP Channel</PrintName>
        <PO_Description/>
        <PO_Help/>
        <PO_Name/>
        <PO_PrintName/>
        <EntityType>U</EntityType>
        <AD_Element_UU>41a1d826-65ea-4a3f-b6bd-374a166fd272</AD_Element_UU>
        <AD_Element_Trl type="translation">
            <Help/>
            <PO_Description/>
            <PO_Help/>
            <Name>sipchannel</Name>
            <Description/>
            <PrintName>sipchannel</PrintName>
            <PO_Name/>
            <PO_PrintName/>
            <AD_Language>es_CO</AD_Language>
            <IsActive>true</IsActive>
            <IsTranslated>false</IsTranslated>
        </AD_Element_Trl>
    </AD_Element>
    <AD_Column type="table">
        <IsSyncDatabase>Y</IsSyncDatabase>
        <AD_Table_ID reference="id">114</AD_Table_ID>
        <AD_Reference_Value_ID reference="id"/>
        <AD_Client_ID>0</AD_Client_ID>
        <AD_Org_ID>0</AD_Org_ID>
        <Version>0.0</Version>
        <Name>SIP Channel</Name>
        <Description/>
        <Help/>
        <AD_Val_Rule_ID reference="id"/>
        <ColumnName>sipchannel</ColumnName>
        <DefaultValue/>
        <FieldLength>255</FieldLength>
        <IsKey>false</IsKey>
        <IsParent>false</IsParent>
        <IsMandatory>false</IsMandatory>
        <IsTranslated>false</IsTranslated>
        <IsIdentifier>false</IsIdentifier>
        <SeqNo/>
        <IsEncrypted>N</IsEncrypted>
        <AD_Reference_ID reference="id">10</AD_Reference_ID>
        <IsActive>true</IsActive>
        <VFormat/>
        <Callout/>
        <AD_Element_ID reference="uuid" reference-key="AD_Element">41a1d826-65ea-4a3f-b6bd-374a166fd272</AD_Element_ID>
        <IsUpdateable>true</IsUpdateable>
        <AD_Process_ID reference="id"/>
        <ValueMin/>
        <ValueMax/>
        <IsSelectionColumn>false</IsSelectionColumn>
        <ReadOnlyLogic/>
        <EntityType>U</EntityType>
        <IsAlwaysUpdateable>false</IsAlwaysUpdateable>
        <ColumnSQL/>
        <MandatoryLogic/>
        <IsAutocomplete>false</IsAutocomplete>
        <IsAllowLogging>true</IsAllowLogging>
        <FormatPattern/>
        <AD_Chart_ID reference="id"/>
        <AD_Column_UU>9e248774-8aaf-44b3-8b1c-6eef43925019</AD_Column_UU>
        <IsAllowCopy>true</IsAllowCopy>
        <SeqNoSelection/>
        <IsToolbarButton>N</IsToolbarButton>
        <IsSecure>false</IsSecure>
        <FKConstraintName/>
        <FKConstraintType>N</FKConstraintType>
    </AD_Column>
    <AD_Field type="table">
        <AD_Client_ID>0</AD_Client_ID>
        <AD_Org_ID>0</AD_Org_ID>
        <Name>SIP Channel</Name>
        <Description/>
        <Help/>
        <AD_Tab_ID reference="id">118</AD_Tab_ID>
        <AD_Column_ID reference="uuid" reference-key="AD_Column">9e248774-8aaf-44b3-8b1c-6eef43925019</AD_Column_ID>
        <IsDisplayed>true</IsDisplayed>
        <DisplayLogic/>
        <DisplayLength>255</DisplayLength>
        <SeqNo>130</SeqNo>
        <SortNo/>
        <IsSameLine>false</IsSameLine>
        <IsHeading>false</IsHeading>
        <IsFieldOnly>false</IsFieldOnly>
        <IsEncrypted>false</IsEncrypted>
        <IsActive>true</IsActive>
        <IsReadOnly>false</IsReadOnly>
        <IsCentrallyMaintained>true</IsCentrallyMaintained>
        <AD_FieldGroup_ID reference="id"/>
        <EntityType>U</EntityType>
        <ObscureType/>
        <AD_Reference_ID reference="id"/>
        <IsMandatory/>
        <DefaultValue/>
        <AD_Reference_Value_ID reference="id"/>
        <AD_Val_Rule_ID reference="id"/>
        <Included_Tab_ID reference="id"/>
        <AD_Field_UU>c20e8765-eb3a-4c72-96b8-87bcc27c406b</AD_Field_UU>
        <IsAllowCopy/>
        <IsDisplayedGrid>true</IsDisplayedGrid>
        <SeqNoGrid>440</SeqNoGrid>
        <XPosition>4</XPosition>
        <ColumnSpan>2</ColumnSpan>
        <NumLines>1</NumLines>
        <IsQuickEntry>false</IsQuickEntry>
        <IsUpdateable/>
        <IsAlwaysUpdateable/>
        <MandatoryLogic/>
        <ReadOnlyLogic/>
        <IsToolbarButton/>
        <IsDefaultFocus>false</IsDefaultFocus>
        <IsAdvancedField>false</IsAdvancedField>
        <AD_Field_Trl type="translation">
            <Help/>
            <Description/>
            <Name>sipchannel</Name>
            <AD_Language>es_CO</AD_Language>
            <IsActive>true</IsActive>
            <IsTranslated>false</IsTranslated>
        </AD_Field_Trl>
    </AD_Field>
    <AD_Message type="table">
        <AD_Client_ID>0</AD_Client_ID>
        <AD_Org_ID>0</AD_Org_ID>
        <MsgType>I</MsgType>
        <MsgText>Dialing</MsgText>
        <MsgTip/>
        <IsActive>true</IsActive>
        <Value>de.evenos-consulting.asterisk.channelstate.DIALING</Value>
        <EntityType>U</EntityType>
        <AD_Message_UU>23635704-6998-4812-9660-d5b41b8e4098</AD_Message_UU>
        <AD_Message_Trl type="translation">
            <MsgText>Marcando</MsgText>
            <MsgTip/>
            <AD_Language>es_CO</AD_Language>
            <IsActive>true</IsActive>
            <IsTranslated>false</IsTranslated>
        </AD_Message_Trl>
    </AD_Message>
    <AD_Message type="table">
        <AD_Client_ID>0</AD_Client_ID>
        <AD_Org_ID>0</AD_Org_ID>
        <MsgType>I</MsgType>
        <MsgText>Hungup</MsgText>
        <MsgTip/>
        <IsActive>true</IsActive>
        <Value>de.evenos-consulting.asterisk.channelstate.HUNGUP</Value>
        <EntityType>U</EntityType>
        <AD_Message_UU>ba318ee9-4cce-44ec-9764-fc892e8de1bf</AD_Message_UU>
        <AD_Message_Trl type="translation">
            <MsgText>Colgar</MsgText>
            <MsgTip/>
            <AD_Language>es_CO</AD_Language>
            <IsActive>true</IsActive>
            <IsTranslated>false</IsTranslated>
        </AD_Message_Trl>
    </AD_Message>
    <AD_Message type="table">
        <AD_Client_ID>0</AD_Client_ID>
        <AD_Org_ID>0</AD_Org_ID>
        <MsgType>I</MsgType>
        <MsgText>Ringing</MsgText>
        <MsgTip/>
        <IsActive>true</IsActive>
        <Value>de.evenos-consulting.asterisk.channelstate.RINGING</Value>
        <EntityType>U</EntityType>
        <AD_Message_UU>023edbde-8a36-4441-9a80-45c7b0901989</AD_Message_UU>
        <AD_Message_Trl type="translation">
            <MsgText>Timbrando</MsgText>
            <MsgTip/>
            <AD_Language>es_CO</AD_Language>
            <IsActive>true</IsActive>
            <IsTranslated>false</IsTranslated>
        </AD_Message_Trl>
    </AD_Message>
    <AD_Message type="table">
        <AD_Client_ID>0</AD_Client_ID>
        <AD_Org_ID>0</AD_Org_ID>
        <MsgType>I</MsgType>
        <MsgText>Up</MsgText>
        <MsgTip/>
        <IsActive>true</IsActive>
        <Value>de.evenos-consulting.asterisk.channelstate.UP</Value>
        <EntityType>U</EntityType>
        <AD_Message_UU>416b7f85-e7f5-4780-acfc-8401c924f316</AD_Message_UU>
        <AD_Message_Trl type="translation">
            <MsgText>Arriba</MsgText>
            <MsgTip/>
            <AD_Language>es_CO</AD_Language>
            <IsActive>true</IsActive>
            <IsTranslated>false</IsTranslated>
        </AD_Message_Trl>
    </AD_Message>
    <AD_Message type="table">
        <AD_Client_ID>0</AD_Client_ID>
        <AD_Org_ID>0</AD_Org_ID>
        <MsgType>I</MsgType>
        <MsgText>Connection to asterisk server is not available. Please check your configuration or contact an administrator.</MsgText>
        <MsgTip/>
        <IsActive>true</IsActive>
        <Value>de.evenos-consulting.asterisk.notconnected</Value>
        <EntityType>U</EntityType>
        <AD_Message_UU>02f613d9-d529-4cc9-a04a-a168b94b8335</AD_Message_UU>
        <AD_Message_Trl type="translation">
            <MsgText>La conexión con el servidor asterisk no está disponible.  Chequee su configuración o contacte un administrador.</MsgText>
            <MsgTip/>
            <AD_Language>es_CO</AD_Language>
            <IsActive>true</IsActive>
            <IsTranslated>false</IsTranslated>
        </AD_Message_Trl>
    </AD_Message>
    <AD_Message type="table">
        <AD_Client_ID>0</AD_Client_ID>
        <AD_Org_ID>0</AD_Org_ID>
        <MsgType>I</MsgType>
        <MsgText>Status: </MsgText>
        <MsgTip/>
        <IsActive>true</IsActive>
        <Value>de.evenos-consulting.asterisk.status</Value>
        <EntityType>U</EntityType>
        <AD_Message_UU>2ef5d3c6-e7e5-4f11-b08d-5cf2835c5b9f</AD_Message_UU>
        <AD_Message_Trl type="translation">
            <MsgText>Estado: </MsgText>
            <MsgTip/>
            <AD_Language>es_CO</AD_Language>
            <IsActive>true</IsActive>
            <IsTranslated>false</IsTranslated>
        </AD_Message_Trl>
    </AD_Message>
    <AD_Message type="table">
        <AD_Client_ID>0</AD_Client_ID>
        <AD_Org_ID>0</AD_Org_ID>
        <MsgType>I</MsgType>
        <MsgText>Duration: </MsgText>
        <MsgTip/>
        <IsActive>true</IsActive>
        <Value>de.evenos-consulting.asterisk.time</Value>
        <EntityType>U</EntityType>
        <AD_Message_UU>8f167f32-f48d-40b3-a6d9-0a72ab2ea72a</AD_Message_UU>
        <AD_Message_Trl type="translation">
            <MsgText>Duración: </MsgText>
            <MsgTip/>
            <AD_Language>es_CO</AD_Language>
            <IsActive>true</IsActive>
            <IsTranslated>false</IsTranslated>
        </AD_Message_Trl>
    </AD_Message>
    <AD_Message type="table">
        <AD_Client_ID>0</AD_Client_ID>
        <AD_Org_ID>0</AD_Org_ID>
        <MsgType>I</MsgType>
        <MsgText>Talking to: </MsgText>
        <MsgTip/>
        <IsActive>true</IsActive>
        <Value>de.evenos-consulting.asterisk.title</Value>
        <EntityType>U</EntityType>
        <AD_Message_UU>ce46d83e-0f08-4521-96e0-2e79fd8d672d</AD_Message_UU>
        <AD_Message_Trl type="translation">
            <MsgText>Hablando a: </MsgText>
            <MsgTip/>
            <AD_Language>es_CO</AD_Language>
            <IsActive>true</IsActive>
            <IsTranslated>false</IsTranslated>
        </AD_Message_Trl>
    </AD_Message>
    <AD_SysConfig type="table">
        <AD_Client_ID>0</AD_Client_ID>
        <AD_Org_ID>0</AD_Org_ID>
        <IsActive>true</IsActive>
        <Name>de.evenos-consulting.asterisk.sipcontext</Name>
        <Value>default</Value>
        <Description/>
        <EntityType>U</EntityType>
        <ConfigurationLevel>O</ConfigurationLevel>
        <AD_SysConfig_UU>f2f5eded-4434-4788-a434-09fd10f74767</AD_SysConfig_UU>
    </AD_SysConfig>
    <AD_SysConfig type="table">
        <AD_Client_ID>0</AD_Client_ID>
        <AD_Org_ID>0</AD_Org_ID>
        <IsActive>true</IsActive>
        <Name>de.evenos-consulting.asterisk.sippassword</Name>
        <Value>password</Value>
        <Description/>
        <EntityType>U</EntityType>
        <ConfigurationLevel>O</ConfigurationLevel>
        <AD_SysConfig_UU>918e0402-6edc-40a5-af93-c9187ade3346</AD_SysConfig_UU>
    </AD_SysConfig>
    <AD_SysConfig type="table">
        <AD_Client_ID>0</AD_Client_ID>
        <AD_Org_ID>0</AD_Org_ID>
        <IsActive>true</IsActive>
        <Name>de.evenos-consulting.asterisk.sipuser</Name>
        <Value>user</Value>
        <Description/>
        <EntityType>U</EntityType>
        <ConfigurationLevel>O</ConfigurationLevel>
        <AD_SysConfig_UU>2afea295-ba73-4881-8725-e1c10cc13367</AD_SysConfig_UU>
    </AD_SysConfig>
    <AD_SysConfig type="table">
        <AD_Client_ID>0</AD_Client_ID>
        <AD_Org_ID>0</AD_Org_ID>
        <IsActive>true</IsActive>
        <Name>de.evenos-consulting.asterisk.siphost</Name>
        <Value>host</Value>
        <Description/>
        <EntityType>U</EntityType>
        <ConfigurationLevel>O</ConfigurationLevel>
        <AD_SysConfig_UU>a3cffd12-293f-40d3-903a-a0c6cad113b9</AD_SysConfig_UU>
    </AD_SysConfig>
    <AD_SysConfig type="table">
        <AD_Client_ID>0</AD_Client_ID>
        <AD_Org_ID>0</AD_Org_ID>
        <IsActive>true</IsActive>
        <Name>de.evenos-consulting.asterisk.phoneprefix</Name>
        <Value> </Value>
        <Description/>
        <EntityType>U</EntityType>
        <ConfigurationLevel>O</ConfigurationLevel>
        <AD_SysConfig_UU>11715a76-dfdf-415c-a68a-4d07163191f2</AD_SysConfig_UU>
    </AD_SysConfig>
    <AD_SysConfig type="table">
        <AD_Client_ID>0</AD_Client_ID>
        <AD_Org_ID>0</AD_Org_ID>
        <IsActive>true</IsActive>
        <Name>de.evenos-consulting.asterisk.sipport</Name>
        <Value>0</Value>
        <Description/>
        <EntityType>U</EntityType>
        <ConfigurationLevel>O</ConfigurationLevel>
        <AD_SysConfig_UU>07fdafe8-43da-48c6-b14c-9d809daedeea</AD_SysConfig_UU>
    </AD_SysConfig>
    <SQLStatement type="custom">
        <DBType>ALL</DBType>
	<statement>update ad_column set ad_reference_id=200077 where ad_element_id in (505, 506) and ad_reference_id!=200077</statement>
    </SQLStatement>
</idempiere>
